INSERT INTO usuario (nome, email, senha) VALUES 
('João', 'joao@bol.com.br', md5('123456')), 
('Administrador', 'admin@e-sheep.com.br', md5('654321'));


INSERT INTO familia (id, nome) VALUES 
(1, 'Intel x1'), 
(2, 'Intel q1'), 
(3, 'Intel xpto'), 

(4, 'AMD a'), 
(5, 'AMD a2'),

(6, 'Conexao UU'), 
(7, 'Con AX');


INSERT INTO produto (id, nome, valor, descricao) VALUES
(1, 'Processador Intel top das galáxia', 321.90, 'Lorem ipsum dolor sit amet, consectetur adipiscing elit. Pellentesque a hendrerit neque. Pellentesque sagittis, sapien a pellentesque vulputate, felis velit egestas quam, a facilisis lacus velit ac augue. Vestibulum et interdum velit. Nam posuere ante a vestibulum malesuada. Nam convallis pharetra mauris, vel tincidunt lorem. Vivamus hendrerit lacus semper fermentum tristique. Cras fringilla turpis ut justo placerat imperdiet. Praesent rutrum lorem vitae purus placerat sodales.'),
(2, 'Processador Intel médiano', 214.90, 'Morbi cursus eros quis varius varius. Proin ultricies purus mollis nisl hendrerit varius vel vitae turpis. Cras in elit ornare, porta ligula sit amet, finibus ante. Cras consequat rutrum elementum. Quisque auctor, arcu in iaculis mollis, lorem magna viverra ex, vel malesuada ipsum dui fringilla elit. Nam dignissim neque mi, ut sagittis libero fermentum vitae. Mauris ultrices nisl in sem ornare, vitae placerat felis ultricies. Sed volutpat vestibulum ante, at tincidunt tellus. Morbi egestas dolor vestibulum risus imperdiet semper. Donec congue dolor ante, non varius sem porta egestas. In vel maximus tellus, et blandit dui. Aenean efficitur nisi id ultrices venenatis. In pellentesque vestibulum pulvinar. In eget condimentum mi, at vulputate magna.'),
(3, 'Processador Intel popular', 115.90, 'Nunc finibus ante pretium, ullamcorper lectus sed, hendrerit mi. Quisque feugiat, felis sit amet rhoncus iaculis, turpis erat porttitor est, a eleifend sem arcu non lectus. Proin feugiat ligula a tellus dapibus posuere. Aenean maximus, ex vel congue pellentesque, orci tortor sodales justo, sit amet tincidunt tortor ligula nec orci. Cras tempor porta ante, non lacinia risus tempus ultrices. Nam a mauris ullamcorper, sagittis ipsum at, elementum mi. Fusce rutrum pulvinar orci, eget pulvinar turpis ultricies varius. Pellentesque eget egestas tortor. Vestibulum vel neque sed arcu pulvinar tincidunt maximus a elit. Vestibulum pulvinar accumsan nisi et gravida. Vestibulum porttitor ornare nisl, in vehicula quam finibus a. Duis dapibus mollis rhoncus. Suspendisse viverra gravida justo vel auctor. Praesent in fermentum ligula.'),
(4, 'Processador Intel antigo', 95.90, 'Curabitur commodo libero et elit hendrerit vehicula. In a porttitor neque. Aenean vitae nisi tellus. Nam sed volutpat quam. Integer condimentum mi sit amet justo sollicitudin, sed convallis velit ultricies. Ut augue justo, mollis eu ex sit amet, elementum ornare nibh. Pellentesque luctus maximus vehicula. Sed congue ante non ex faucibus egestas. Pellentesque habitant morbi tristique senectus et netus et malesuada fames ac turpis egestas. Ut dictum id felis in viverra. Proin molestie interdum diam, in volutpat turpis consequat ac. Quisque diam nisl, pulvinar nec purus sit amet, feugiat auctor massa. Aliquam accumsan lectus lacus, at semper dui aliquet sed.'),
(5, 'Processador AMD top das galáxia', 321.90, 'Lorem ipsum dolor sit amet, consectetur adipiscing elit. Pellentesque a hendrerit neque. Pellentesque sagittis, sapien a pellentesque vulputate, felis velit egestas quam, a facilisis lacus velit ac augue. Vestibulum et interdum velit. Nam posuere ante a vestibulum malesuada. Nam convallis pharetra mauris, vel tincidunt lorem. Vivamus hendrerit lacus semper fermentum tristique. Cras fringilla turpis ut justo placerat imperdiet. Praesent rutrum lorem vitae purus placerat sodales.'),
(6, 'Processador AMD médiano', 214.90, 'Morbi cursus eros quis varius varius. Proin ultricies purus mollis nisl hendrerit varius vel vitae turpis. Cras in elit ornare, porta ligula sit amet, finibus ante. Cras consequat rutrum elementum. Quisque auctor, arcu in iaculis mollis, lorem magna viverra ex, vel malesuada ipsum dui fringilla elit. Nam dignissim neque mi, ut sagittis libero fermentum vitae. Mauris ultrices nisl in sem ornare, vitae placerat felis ultricies. Sed volutpat vestibulum ante, at tincidunt tellus. Morbi egestas dolor vestibulum risus imperdiet semper. Donec congue dolor ante, non varius sem porta egestas. In vel maximus tellus, et blandit dui. Aenean efficitur nisi id ultrices venenatis. In pellentesque vestibulum pulvinar. In eget condimentum mi, at vulputate magna.'),
(7, 'Processador AMD popular', 115.90, 'Nunc finibus ante pretium, ullamcorper lectus sed, hendrerit mi. Quisque feugiat, felis sit amet rhoncus iaculis, turpis erat porttitor est, a eleifend sem arcu non lectus. Proin feugiat ligula a tellus dapibus posuere. Aenean maximus, ex vel congue pellentesque, orci tortor sodales justo, sit amet tincidunt tortor ligula nec orci. Cras tempor porta ante, non lacinia risus tempus ultrices. Nam a mauris ullamcorper, sagittis ipsum at, elementum mi. Fusce rutrum pulvinar orci, eget pulvinar turpis ultricies varius. Pellentesque eget egestas tortor. Vestibulum vel neque sed arcu pulvinar tincidunt maximus a elit. Vestibulum pulvinar accumsan nisi et gravida. Vestibulum porttitor ornare nisl, in vehicula quam finibus a. Duis dapibus mollis rhoncus. Suspendisse viverra gravida justo vel auctor. Praesent in fermentum ligula.'),
(8, 'Processador AMD antigo', 95.90, 'Curabitur commodo libero et elit hendrerit vehicula. In a porttitor neque. Aenean vitae nisi tellus. Nam sed volutpat quam. Integer condimentum mi sit amet justo sollicitudin, sed convallis velit ultricies. Ut augue justo, mollis eu ex sit amet, elementum ornare nibh. Pellentesque luctus maximus vehicula. Sed congue ante non ex faucibus egestas. Pellentesque habitant morbi tristique senectus et netus et malesuada fames ac turpis egestas. Ut dictum id felis in viverra. Proin molestie interdum diam, in volutpat turpis consequat ac. Quisque diam nisl, pulvinar nec purus sit amet, feugiat auctor massa. Aliquam accumsan lectus lacus, at semper dui aliquet sed.'),

(9, 'Placa Mãe Gustavo-Chips', 200.90, 'Lorem ipsum dolor sit amet, consectetur adipiscing elit. Pellentesque a hendrerit neque. Pellentesque sagittis, sapien a pellentesque vulputate, felis velit egestas quam, a facilisis lacus velit ac augue. Vestibulum et interdum velit. Nam posuere ante a vestibulum malesuada. Nam convallis pharetra mauris, vel tincidunt lorem. Vivamus hendrerit lacus semper fermentum tristique. Cras fringilla turpis ut justo placerat imperdiet. Praesent rutrum lorem vitae purus placerat sodales.'),
(10, 'Placa Mãe Super', 350.90, 'Morbi cursus eros quis varius varius. Proin ultricies purus mollis nisl hendrerit varius vel vitae turpis. Cras in elit ornare, porta ligula sit amet, finibus ante. Cras consequat rutrum elementum. Quisque auctor, arcu in iaculis mollis, lorem magna viverra ex, vel malesuada ipsum dui fringilla elit. Nam dignissim neque mi, ut sagittis libero fermentum vitae. Mauris ultrices nisl in sem ornare, vitae placerat felis ultricies. Sed volutpat vestibulum ante, at tincidunt tellus. Morbi egestas dolor vestibulum risus imperdiet semper. Donec congue dolor ante, non varius sem porta egestas. In vel maximus tellus, et blandit dui. Aenean efficitur nisi id ultrices venenatis. In pellentesque vestibulum pulvinar. In eget condimentum mi, at vulputate magna.'),
(11, 'Placa Mãe de Santo', 400.90, 'Nunc finibus ante pretium, ullamcorper lectus sed, hendrerit mi. Quisque feugiat, felis sit amet rhoncus iaculis, turpis erat porttitor est, a eleifend sem arcu non lectus. Proin feugiat ligula a tellus dapibus posuere. Aenean maximus, ex vel congue pellentesque, orci tortor sodales justo, sit amet tincidunt tortor ligula nec orci. Cras tempor porta ante, non lacinia risus tempus ultrices. Nam a mauris ullamcorper, sagittis ipsum at, elementum mi. Fusce rutrum pulvinar orci, eget pulvinar turpis ultricies varius. Pellentesque eget egestas tortor. Vestibulum vel neque sed arcu pulvinar tincidunt maximus a elit. Vestibulum pulvinar accumsan nisi et gravida. Vestibulum porttitor ornare nisl, in vehicula quam finibus a. Duis dapibus mollis rhoncus. Suspendisse viverra gravida justo vel auctor. Praesent in fermentum ligula.'),
(12, 'Placa Mãe Fera', 500.90, 'Curabitur commodo libero et elit hendrerit vehicula. In a porttitor neque. Aenean vitae nisi tellus. Nam sed volutpat quam. Integer condimentum mi sit amet justo sollicitudin, sed convallis velit ultricies. Ut augue justo, mollis eu ex sit amet, elementum ornare nibh. Pellentesque luctus maximus vehicula. Sed congue ante non ex faucibus egestas. Pellentesque habitant morbi tristique senectus et netus et malesuada fames ac turpis egestas. Ut dictum id felis in viverra. Proin molestie interdum diam, in volutpat turpis consequat ac. Quisque diam nisl, pulvinar nec purus sit amet, feugiat auctor massa. Aliquam accumsan lectus lacus, at semper dui aliquet sed.'),

(13, 'Fonte dos Desejos', 150.90, 'Nunc finibus ante pretium, ullamcorper lectus sed, hendrerit mi. Quisque feugiat, felis sit amet rhoncus iaculis, turpis erat porttitor est, a eleifend sem arcu non lectus. Proin feugiat ligula a tellus dapibus posuere. Aenean maximus, ex vel congue pellentesque, orci tortor sodales justo, sit amet tincidunt tortor ligula nec orci. Cras tempor porta ante, non lacinia risus tempus ultrices. Nam a mauris ullamcorper, sagittis ipsum at, elementum mi. Fusce rutrum pulvinar orci, eget pulvinar turpis ultricies varius. Pellentesque eget egestas tortor. Vestibulum vel neque sed arcu pulvinar tincidunt maximus a elit. Vestibulum pulvinar accumsan nisi et gravida. Vestibulum porttitor ornare nisl, in vehicula quam finibus a. Duis dapibus mollis rhoncus. Suspendisse viverra gravida justo vel auctor. Praesent in fermentum ligula.'),
(14, 'Fonte de Energia BiVolt', 200.90, 'Curabitur commodo libero et elit hendrerit vehicula. In a porttitor neque. Aenean vitae nisi tellus. Nam sed volutpat quam. Integer condimentum mi sit amet justo sollicitudin, sed convallis velit ultricies. Ut augue justo, mollis eu ex sit amet, elementum ornare nibh. Pellentesque luctus maximus vehicula. Sed congue ante non ex faucibus egestas. Pellentesque habitant morbi tristique senectus et netus et malesuada fames ac turpis egestas. Ut dictum id felis in viverra. Proin molestie interdum diam, in volutpat turpis consequat ac. Quisque diam nisl, pulvinar nec purus sit amet, feugiat auctor massa. Aliquam accumsan lectus lacus, at semper dui aliquet sed.');


INSERT INTO produtofamilia (id_produto, id_familia) VALUES
(1, 1), (1, 2), (1, 3),
(2, 1), (2, 2),
(3, 1),
(4, 1),
(5, 4), (5, 5),
(6, 4), (6, 5),
(7, 5),
(8, 5),

(9, 1), (9, 2), (9, 3), (9, 6),
(10, 4), (10, 5), (10, 7) ,
(11, 1), (11, 2), (11, 4), (11, 6), (11, 7),
(12, 1), (12, 2), (12, 3), (12, 4), (12, 5),  (12, 6), (12, 7),

(13, 6), (13, 7),
(14, 6);

INSERT INTO cadastro (id, nome, cpf, rg, dataNascimento) VALUES
(1, "Caetano Emanuel Viana Teles Veloso", "12345901234", "454546456", "1942-08-07"),
(2, "Maria Bethânia Viana Telles Velloso", "65492145632", "467545785", "1946-06-16"),
(3, "Francisco Buarque de Hollanda", "78945631472", "12317894", "1944-06-19"),
(4, "Antônio Carlos Belchior", "96325874104", "789798456X", "1946-10-10"),
(5, "Antonio Carlos Brasileiro de Almeida Jobim", "36974125456", "852147", "1927-01-25"),
(6, "Milton do Nascimento", "64569879134", "456456X", "1942-10-26");

INSERT INTO cadastrotelefone (id_cadastro, telefone) VALUES
(1, "11456985654"),
(1, "19123456789"),
(2, "21555699987"),
(2, "08001234567"),
(3, "45123456987"),
(4, "1134534455"),
(4, "11912346547"),
(4, "2144445555"),
(5, "1134445566"),
(5, "90444555888"),
(5, "03004445555"),
(5, "11114477885");

INSERT INTO cadastroemail (id_cadastro, email) VALUES
(1, "contato@caetano.com.br"),
(1, "sampa@caetano.com"),
(2, "maria@bol.com.br"),
(3, "chico@gmail.com.br"),
(3, "joaoemaria@chico.com.br"),
(3, "sambaeamor@chico.com.br"),
(3, "construcao@chico.com.br"),
(4, "contato@tiobel.com.br"),
(4, "bigode@gmail.com.br"),
(5, "tonhaojobim@hotmail.com"),
(6, "bituca@minas.com.br"),
(6, "contato@clubedaesquina.com.br");